{"images":[{"height":585,"width":554,"id":1,"file_name":"../images/10_slice_125.png"},{"height":585,"width":554,"id":2,"file_name":"../images/10_slice_126.png"},{"height":585,"width":554,"id":3,"file_name":"../images/10_slice_127.png"},{"height":585,"width":554,"id":4,"file_name":"../images/10_slice_128.png"},{"height":585,"width":554,"id":5,"file_name":"../images/10_slice_129.png"},{"height":585,"width":554,"id":6,"file_name":"../images/10_slice_130.png"},{"height":585,"width":554,"id":7,"file_name":"../images/10_slice_131.png"},{"height":585,"width":554,"id":8,"file_name":"../images/10_slice_132.png"},{"height":585,"width":554,"id":9,"file_name":"../images/10_slice_133.png"},{"height":585,"width":554,"id":10,"file_name":"../images/10_slice_134.png"},{"height":585,"width":554,"id":11,"file_name":"../images/10_slice_135.png"},{"height":585,"width":554,"id":12,"file_name":"../images/10_slice_136.png"},{"height":585,"width":554,"id":13,"file_name":"../images/10_slice_137.png"},{"height":585,"width":554,"id":14,"file_name":"../images/1_slice_124.png"},{"height":585,"width":554,"id":15,"file_name":"../images/1_slice_125.png"},{"height":585,"width":554,"id":16,"file_name":"../images/1_slice_126.png"},{"height":585,"width":554,"id":17,"file_name":"../images/1_slice_127.png"},{"height":585,"width":554,"id":18,"file_name":"../images/2_slice_35.png"},{"height":585,"width":554,"id":19,"file_name":"../images/2_slice_36.png"},{"height":585,"width":554,"id":20,"file_name":"../images/2_slice_37.png"},{"height":585,"width":554,"id":21,"file_name":"../images/2_slice_38.png"},{"height":585,"width":554,"id":22,"file_name":"../images/2_slice_39.png"},{"height":585,"width":554,"id":23,"file_name":"../images/3_slice_129.png"},{"height":585,"width":554,"id":24,"file_name":"../images/3_slice_130.png"},{"height":585,"width":554,"id":25,"file_name":"../images/3_slice_131.png"},{"height":585,"width":554,"id":26,"file_name":"../images/3_slice_132.png"},{"height":585,"width":554,"id":27,"file_name":"../images/3_slice_133.png"},{"height":585,"width":554,"id":28,"file_name":"../images/4_slice_52.png"},{"height":585,"width":554,"id":29,"file_name":"../images/4_slice_53.png"},{"height":585,"width":554,"id":30,"file_name":"../images/4_slice_54.png"},{"height":585,"width":554,"id":31,"file_name":"../images/5_slice_164.png"},{"height":585,"width":554,"id":32,"file_name":"../images/5_slice_165.png"},{"height":585,"width":554,"id":33,"file_name":"../images/5_slice_166.png"},{"height":585,"width":554,"id":34,"file_name":"../images/5_slice_167.png"},{"height":585,"width":554,"id":35,"file_name":"../images/5_slice_168.png"},{"height":585,"width":554,"id":36,"file_name":"../images/5_slice_169.png"},{"height":585,"width":554,"id":37,"file_name":"../images/5_slice_170.png"},{"height":585,"width":554,"id":38,"file_name":"../images/5_slice_171.png"},{"height":585,"width":554,"id":39,"file_name":"../images/5_slice_172.png"},{"height":585,"width":554,"id":40,"file_name":"../images/5_slice_173.png"},{"height":585,"width":554,"id":41,"file_name":"../images/5_slice_174.png"},{"height":585,"width":554,"id":42,"file_name":"../images/7_slice_137.png"},{"height":585,"width":554,"id":43,"file_name":"../images/7_slice_138.png"},{"height":585,"width":554,"id":44,"file_name":"../images/7_slice_139.png"},{"height":585,"width":554,"id":45,"file_name":"../images/7_slice_140.png"},{"height":585,"width":554,"id":46,"file_name":"../images/7_slice_141.png"},{"height":585,"width":554,"id":47,"file_name":"../images/8_slice_129.png"},{"height":585,"width":554,"id":48,"file_name":"../images/9_slice_130.png"},{"height":585,"width":554,"id":49,"file_name":"../images/9_slice_131.png"}],"annotations":[{"iscrowd":0,"image_id":1,"bbox":[251.02597402597402,331.1363636363636,18.831168831168753,20.12987012987014],"segmentation":[[262,331,251,340,254,351,269,342]],"category_id":0,"id":1,"area":194},{"iscrowd":0,"image_id":1,"bbox":[284.1428571428571,325.9415584415584,20.12987012987014,22.727272727272748],"segmentation":[[291,325,284,334,298,348,304,340]],"category_id":0,"id":2,"area":207},{"iscrowd":0,"image_id":1,"bbox":[260.76623376623377,346.7207792207792,10.389610389610311,12.987012987012974],"segmentation":[[269,346,260,351,264,359,271,355]],"category_id":0,"id":3,"area":77},{"iscrowd":0,"image_id":1,"bbox":[284.7922077922078,344.1233766233766,11.03896103896102,14.285714285714278],"segmentation":[[288,344,295,353,289,358,284,352]],"category_id":0,"id":4,"area":78},{"iscrowd":0,"image_id":2,"bbox":[248.42857142857142,327.88961038961037,24.025974025973966,21.428571428571445],"segmentation":[[258,327,248,339,253,349,272,336]],"category_id":0,"id":5,"area":251},{"iscrowd":0,"image_id":2,"bbox":[282.8441558441558,325.9415584415584,22.727272727272748,22.077922077922096],"segmentation":[[289,325,282,335,299,348,305,343]],"category_id":0,"id":6,"area":212},{"iscrowd":0,"image_id":2,"bbox":[260.11688311688306,342.8246753246753,14.93506493506493,16.883116883116884],"segmentation":[[269,342,260,349,265,359,275,353]],"category_id":0,"id":7,"area":132},{"iscrowd":0,"image_id":2,"bbox":[281.5454545454545,341.525974025974,13.636363636363626,19.48051948051949],"segmentation":[[286,341,281,350,288,361,295,353]],"category_id":0,"id":8,"area":131},{"iscrowd":0,"image_id":3,"bbox":[249.72727272727272,329.18831168831167,19.48051948051946,16.883116883116884],"segmentation":[[262,329,249,336,254,346,269,340]],"category_id":0,"id":9,"area":178},{"iscrowd":0,"image_id":3,"bbox":[284.1428571428571,325.9415584415584,19.480519480519547,20.12987012987014],"segmentation":[[293,325,284,335,295,346,303,342]],"category_id":0,"id":10,"area":189},{"iscrowd":0,"image_id":3,"bbox":[260.11688311688306,344.1233766233766,12.337662337662323,16.233766233766232],"segmentation":[[268,344,260,348,263,360,272,354]],"category_id":0,"id":11,"area":115},{"iscrowd":0,"image_id":3,"bbox":[280.8961038961039,342.17532467532465,14.93506493506493,19.48051948051949],"segmentation":[[286,342,280,349,286,361,295,354]],"category_id":0,"id":12,"area":143},{"iscrowd":0,"image_id":4,"bbox":[251.67532467532467,327.2402597402597,18.1818181818181,16.883116883116884],"segmentation":[[262,327,251,331,256,344,269,338]],"category_id":0,"id":13,"area":172},{"iscrowd":0,"image_id":4,"bbox":[285.4415584415584,325.9415584415584,18.83116883116884,18.181818181818187],"segmentation":[[293,325,285,332,297,344,304,339]],"category_id":0,"id":14,"area":157},{"iscrowd":0,"image_id":4,"bbox":[258.81818181818176,343.47402597402595,12.987012987013031,15.58441558441558],"segmentation":[[269,343,259,346,258,359,271,359]],"category_id":0,"id":15,"area":160},{"iscrowd":0,"image_id":4,"bbox":[279.5974025974026,339.57792207792204,16.233766233766232,20.779220779220793],"segmentation":[[286,339,279,346,286,360,295,357]],"category_id":0,"id":16,"area":168},{"iscrowd":0,"image_id":5,"bbox":[249.07792207792207,325.29220779220776,20.779220779220708,18.83116883116884],"segmentation":[[260,325,249,332,259,344,269,336]],"category_id":0,"id":17,"area":198},{"iscrowd":0,"image_id":5,"bbox":[284.7922077922078,324.6428571428571,22.07792207792204,25.324675324675354],"segmentation":[[293,324,284,333,299,349,306,342]],"category_id":0,"id":18,"area":255},{"iscrowd":0,"image_id":5,"bbox":[257.51948051948045,342.17532467532465,17.532467532467535,19.48051948051949],"segmentation":[[270,342,257,348,259,361,275,358]],"category_id":0,"id":19,"area":224},{"iscrowd":0,"image_id":5,"bbox":[278.2987012987013,340.87662337662334,16.883116883116827,24.675324675324703],"segmentation":[[285,340,278,351,283,365,295,357]],"category_id":0,"id":20,"area":214},{"iscrowd":0,"image_id":6,"bbox":[246.48051948051946,325.29220779220776,21.428571428571416,28.571428571428612],"segmentation":[[255,325,246,336,249,353,267,338]],"category_id":0,"id":21,"area":312},{"iscrowd":0,"image_id":6,"bbox":[286.0909090909091,323.99350649350646,22.07792207792204,31.81818181818187],"segmentation":[[296,323,286,331,301,355,308,352]],"category_id":0,"id":22,"area":297},{"iscrowd":0,"image_id":6,"bbox":[257.51948051948045,343.47402597402595,17.532467532467535,18.181818181818187],"segmentation":[[271,343,257,349,262,361,275,357]],"category_id":0,"id":23,"area":194},{"iscrowd":0,"image_id":6,"bbox":[280.8961038961039,339.57792207792204,14.28571428571422,25.324675324675354],"segmentation":[[283,339,280,349,285,364,295,357]],"category_id":0,"id":24,"area":173},{"iscrowd":0,"image_id":7,"bbox":[243.88311688311686,325.9415584415584,27.272727272727224,33.116883116883116],"segmentation":[[256,325,243,340,249,359,271,336]],"category_id":0,"id":25,"area":435},{"iscrowd":0,"image_id":7,"bbox":[287.3896103896104,322.6948051948052,26.623376623376544,37.66233766233762],"segmentation":[[296,322,287,332,302,360,314,349]],"category_id":0,"id":26,"area":450},{"iscrowd":0,"image_id":7,"bbox":[259.46753246753246,342.8246753246753,18.18181818181813,20.12987012987014],"segmentation":[[271,342,259,353,265,362,277,357]],"category_id":0,"id":27,"area":192},{"iscrowd":0,"image_id":7,"bbox":[278.9480519480519,338.92857142857144,17.532467532467535,29.220779220779207],"segmentation":[[284,338,278,348,286,368,296,355]],"category_id":0,"id":28,"area":249},{"iscrowd":0,"image_id":8,"bbox":[241.9350649350649,323.3441558441558,27.27272727272728,31.16883116883122],"segmentation":[[260,323,241,338,247,354,269,336]],"category_id":0,"id":29,"area":408},{"iscrowd":0,"image_id":8,"bbox":[286.7402597402597,321.3961038961039,24.02597402597405,32.467532467532465],"segmentation":[[294,321,286,331,301,353,310,348]],"category_id":0,"id":30,"area":333},{"iscrowd":0,"image_id":8,"bbox":[255.57142857142853,341.525974025974,20.77922077922088,21.428571428571445],"segmentation":[[270,341,255,353,265,362,276,358]],"category_id":0,"id":31,"area":236},{"iscrowd":0,"image_id":8,"bbox":[278.2987012987013,336.33116883116884,17.532467532467535,30.51948051948051],"segmentation":[[285,336,278,345,286,366,295,355]],"category_id":0,"id":32,"area":264},{"iscrowd":0,"image_id":9,"bbox":[242.58441558441555,322.04545454545456,26.62337662337663,33.116883116883116],"segmentation":[[256,322,242,337,247,355,269,335]],"category_id":0,"id":33,"area":429},{"iscrowd":0,"image_id":9,"bbox":[286.7402597402597,320.74675324675326,24.675324675324646,31.818181818181813],"segmentation":[[293,320,286,330,302,352,311,345]],"category_id":0,"id":34,"area":324},{"iscrowd":0,"image_id":9,"bbox":[253.62337662337657,340.87662337662334,22.727272727272833,23.3766233766234],"segmentation":[[271,340,253,353,260,364,276,355]],"category_id":0,"id":35,"area":280},{"iscrowd":0,"image_id":9,"bbox":[279.5974025974026,337.62987012987014,15.584415584415524,22.72727272727269],"segmentation":[[285,337,279,348,286,360,295,352]],"category_id":0,"id":36,"area":174},{"iscrowd":0,"image_id":10,"bbox":[241.28571428571425,321.3961038961039,27.922077922077932,31.818181818181813],"segmentation":[[257,321,241,335,247,353,269,335]],"category_id":0,"id":37,"area":447},{"iscrowd":0,"image_id":10,"bbox":[287.3896103896104,320.0974025974026,23.376623376623343,31.818181818181813],"segmentation":[[296,320,287,327,301,351,310,344]],"category_id":0,"id":38,"area":328},{"iscrowd":0,"image_id":10,"bbox":[256.87012987012986,340.87662337662334,18.18181818181813,16.883116883116884],"segmentation":[[269,340,256,349,262,357,275,353]],"category_id":0,"id":39,"area":168},{"iscrowd":0,"image_id":10,"bbox":[278.9480519480519,336.33116883116884,17.532467532467535,23.376623376623343],"segmentation":[[285,336,278,346,286,359,296,350]],"category_id":0,"id":40,"area":202},{"iscrowd":0,"image_id":11,"bbox":[242.58441558441555,322.6948051948052,27.272727272727224,27.272727272727252],"segmentation":[[257,322,242,338,247,349,269,333]],"category_id":0,"id":41,"area":344},{"iscrowd":0,"image_id":11,"bbox":[284.7922077922078,317.5,29.22077922077915,36.363636363636374],"segmentation":[[295,317,284,329,303,353,314,343]],"category_id":0,"id":42,"area":473},{"iscrowd":0,"image_id":11,"bbox":[258.16883116883116,339.57792207792204,14.93506493506493,19.48051948051949],"segmentation":[[269,339,258,346,262,359,273,354]],"category_id":0,"id":43,"area":173},{"iscrowd":0,"image_id":11,"bbox":[279.5974025974026,336.9805194805195,15.584415584415524,20.129870129870085],"segmentation":[[286,336,279,344,282,357,295,353]],"category_id":0,"id":44,"area":175},{"iscrowd":0,"image_id":12,"bbox":[241.9350649350649,319.44805194805195,25.974025974025977,33.116883116883116],"segmentation":[[257,319,241,335,242,352,267,335]],"category_id":0,"id":45,"area":434},{"iscrowd":0,"image_id":12,"bbox":[285.4415584415584,317.5,28.571428571428555,33.76623376623377],"segmentation":[[293,317,285,329,303,351,314,346]],"category_id":0,"id":46,"area":398},{"iscrowd":0,"image_id":12,"bbox":[259.46753246753246,340.2272727272727,11.03896103896102,20.12987012987014],"segmentation":[[268,340,259,344,261,360,270,357]],"category_id":0,"id":47,"area":155},{"iscrowd":0,"image_id":12,"bbox":[279.5974025974026,337.62987012987014,16.233766233766232,20.779220779220736],"segmentation":[[288,337,279,342,281,358,295,354]],"category_id":0,"id":48,"area":206},{"iscrowd":0,"image_id":13,"bbox":[241.28571428571425,318.14935064935065,27.922077922077932,31.818181818181813],"segmentation":[[256,318,241,340,250,349,269,328]],"category_id":0,"id":49,"area":404},{"iscrowd":0,"image_id":13,"bbox":[287.3896103896104,317.5,25.32467532467524,34.41558441558442],"segmentation":[[295,317,287,327,305,351,312,341]],"category_id":0,"id":50,"area":361},{"iscrowd":0,"image_id":13,"bbox":[258.16883116883116,338.92857142857144,12.337662337662323,24.675324675324646],"segmentation":[[267,338,258,348,265,363,270,359]],"category_id":0,"id":51,"area":162},{"iscrowd":0,"image_id":13,"bbox":[279.5974025974026,338.2792207792208,14.93506493506493,19.480519480519433],"segmentation":[[288,338,279,342,286,357,294,351]],"category_id":0,"id":52,"area":154},{"iscrowd":0,"image_id":14,"bbox":[248.42857142857142,288.2792207792208,22.077922077922068,39.610389610389575],"segmentation":[[261,288,252,307,248,316,253,327,270,311]],"category_id":0,"id":53,"area":412},{"iscrowd":0,"image_id":14,"bbox":[291.93506493506493,292.8246753246753,26.623376623376657,45.454545454545496],"segmentation":[[299,292,291,308,311,338,318,325,310,296]],"category_id":0,"id":54,"area":652},{"iscrowd":0,"image_id":14,"bbox":[262.06493506493507,316.2012987012987,15.584415584415524,18.83116883116884],"segmentation":[[269,316,264,322,262,329,272,335,277,331,275,318]],"category_id":0,"id":55,"area":189},{"iscrowd":0,"image_id":14,"bbox":[284.1428571428571,315.55194805194805,15.584415584415638,23.3766233766234],"segmentation":[[286,315,284,321,284,334,297,338,299,326,293,318]],"category_id":0,"id":56,"area":254},{"iscrowd":0,"image_id":15,"bbox":[245.8311688311688,289.5779220779221,24.025974025973966,39.610389610389575],"segmentation":[[256,289,245,313,252,329,269,307,268,291]],"category_id":0,"id":57,"area":556},{"iscrowd":0,"image_id":15,"bbox":[290.6363636363636,293.47402597402595,26.623376623376657,42.20779220779224],"segmentation":[[296,293,290,303,290,314,310,335,317,325,306,299]],"category_id":0,"id":58,"area":609},{"iscrowd":0,"image_id":15,"bbox":[262.71428571428567,313.6038961038961,16.88311688311694,22.727272727272748],"segmentation":[[275,313,266,316,262,322,269,336,279,332]],"category_id":0,"id":59,"area":238},{"iscrowd":0,"image_id":15,"bbox":[284.1428571428571,316.85064935064935,14.285714285714334,22.077922077922096],"segmentation":[[286,316,284,327,290,338,298,336,295,323]],"category_id":0,"id":60,"area":189},{"iscrowd":0,"image_id":16,"bbox":[248.42857142857142,292.8246753246753,27.27272727272728,39.61038961038963],"segmentation":[[260,292,248,310,250,332,262,318,275,305]],"category_id":0,"id":61,"area":500},{"iscrowd":0,"image_id":16,"bbox":[289.3376623376623,296.7207792207792,25.324675324675354,40.25974025974028],"segmentation":[[297,296,314,315,312,334,302,336,289,311]],"category_id":0,"id":62,"area":580},{"iscrowd":0,"image_id":16,"bbox":[264.01298701298697,312.95454545454544,12.337662337662437,24.675324675324703],"segmentation":[[275,312,264,323,264,337,276,333]],"category_id":0,"id":63,"area":206},{"iscrowd":0,"image_id":16,"bbox":[282.1948051948052,318.7987012987013,14.93506493506493,20.779220779220736],"segmentation":[[286,318,282,327,288,339,297,335]],"category_id":0,"id":64,"area":144},{"iscrowd":0,"image_id":17,"bbox":[247.1298701298701,295.4220779220779,23.37662337662337,39.61038961038963],"segmentation":[[261,295,247,306,249,327,262,335,270,307]],"category_id":0,"id":65,"area":594},{"iscrowd":0,"image_id":17,"bbox":[289.3376623376623,299.3181818181818,24.675324675324646,37.66233766233768],"segmentation":[[294,299,289,311,306,336,314,320,302,302]],"category_id":0,"id":66,"area":466},{"iscrowd":0,"image_id":17,"bbox":[267.2597402597403,312.95454545454544,11.03896103896102,25.974025974026006],"segmentation":[[274,312,267,335,278,338,278,322]],"category_id":0,"id":67,"area":168},{"iscrowd":0,"image_id":17,"bbox":[281.5454545454545,317.5,16.88311688311694,22.07792207792204],"segmentation":[[287,317,281,326,286,339,298,333]],"category_id":0,"id":68,"area":188},{"iscrowd":0,"image_id":18,"bbox":[251.02597402597402,299.3181818181818,19.48051948051946,20.779220779220793],"segmentation":[[261,299,251,308,251,320,260,320,268,314,270,307]],"category_id":0,"id":69,"area":274},{"iscrowd":0,"image_id":18,"bbox":[284.1428571428571,301.9155844155844,26.623376623376657,37.012987012987026],"segmentation":[[296,301,284,307,293,318,304,338,310,332,305,316]],"category_id":0,"id":70,"area":384},{"iscrowd":0,"image_id":18,"bbox":[263.3636363636364,317.5,9.090909090909008,13.636363636363626],"segmentation":[[271,317,263,323,264,330,272,331]],"category_id":0,"id":71,"area":84},{"iscrowd":0,"image_id":18,"bbox":[282.8441558441558,318.14935064935065,11.03896103896102,16.233766233766232],"segmentation":[[285,318,282,327,286,334,293,334,293,325]],"category_id":0,"id":72,"area":115},{"iscrowd":0,"image_id":19,"bbox":[245.18181818181816,299.3181818181818,29.87012987012983,27.272727272727252],"segmentation":[[260,299,249,305,245,320,249,326,257,318,275,308]],"category_id":0,"id":73,"area":377},{"iscrowd":0,"image_id":19,"bbox":[284.7922077922078,296.07142857142856,29.22077922077915,44.80519480519479],"segmentation":[[296,296,284,303,293,314,306,340,314,337,307,315]],"category_id":0,"id":74,"area":485},{"iscrowd":0,"image_id":19,"bbox":[256.22077922077915,312.95454545454544,18.181818181818244,17.532467532467535],"segmentation":[[269,312,256,321,260,330,274,330]],"category_id":0,"id":75,"area":200},{"iscrowd":0,"image_id":19,"bbox":[280.8961038961039,312.95454545454544,12.987012987012918,21.428571428571445],"segmentation":[[287,312,280,320,287,334,293,331]],"category_id":0,"id":76,"area":139},{"iscrowd":0,"image_id":20,"bbox":[245.8311688311688,298.0194805194805,20.779220779220765,29.87012987012986],"segmentation":[[261,298,245,307,246,327,258,317,266,307]],"category_id":0,"id":77,"area":329},{"iscrowd":0,"image_id":20,"bbox":[289.3376623376623,295.4220779220779,26.623376623376657,42.20779220779224],"segmentation":[[293,295,289,305,299,320,305,337,315,333,308,311]],"category_id":0,"id":78,"area":472},{"iscrowd":0,"image_id":20,"bbox":[258.81818181818176,312.95454545454544,12.987012987013031,20.12987012987014],"segmentation":[[268,312,258,320,258,333,271,329]],"category_id":0,"id":79,"area":171},{"iscrowd":0,"image_id":20,"bbox":[278.9480519480519,313.6038961038961,18.181818181818244,25.324675324675354],"segmentation":[[288,313,278,321,290,338,297,335]],"category_id":0,"id":80,"area":216},{"iscrowd":0,"image_id":21,"bbox":[242.58441558441555,291.525974025974,23.376623376623428,35.71428571428572],"segmentation":[[256,291,242,308,243,327,251,324,265,302]],"category_id":0,"id":81,"area":440},{"iscrowd":0,"image_id":21,"bbox":[289.3376623376623,292.8246753246753,25.97402597402595,42.20779220779224],"segmentation":[[297,292,289,303,309,335,315,325,310,310]],"category_id":0,"id":82,"area":467},{"iscrowd":0,"image_id":21,"bbox":[259.46753246753246,309.7077922077922,20.12987012987014,24.02597402597405],"segmentation":[[268,309,259,320,260,333,279,329]],"category_id":0,"id":83,"area":274},{"iscrowd":0,"image_id":21,"bbox":[280.8961038961039,312.3051948051948,12.987012987012918,20.12987012987014],"segmentation":[[291,312,280,319,283,332,293,331]],"category_id":0,"id":84,"area":178},{"iscrowd":0,"image_id":22,"bbox":[238.68831168831164,288.92857142857144,29.87012987012983,40.25974025974023],"segmentation":[[258,288,245,301,238,322,244,329,254,314,268,303]],"category_id":0,"id":85,"area":505},{"iscrowd":0,"image_id":22,"bbox":[292.58441558441564,292.8246753246753,28.571428571428555,41.55844155844159],"segmentation":[[297,292,292,301,301,323,309,334,321,325,311,307]],"category_id":0,"id":86,"area":552},{"iscrowd":0,"image_id":22,"bbox":[257.51948051948045,309.05844155844153,18.831168831168952,21.428571428571445],"segmentation":[[268,309,257,320,264,330,276,327]],"category_id":0,"id":87,"area":219},{"iscrowd":0,"image_id":22,"bbox":[284.7922077922078,312.3051948051948,9.740259740259717,18.83116883116884],"segmentation":[[288,312,285,321,284,330,291,331,294,318]],"category_id":0,"id":88,"area":122},{"iscrowd":0,"image_id":23,"bbox":[234.14285714285714,286.9805194805195,21.428571428571388,35.71428571428572],"segmentation":[[249,286,240,297,234,309,245,322,255,303]],"category_id":0,"id":89,"area":391},{"iscrowd":0,"image_id":23,"bbox":[293.23376623376623,286.33116883116884,23.376623376623343,29.87012987012986],"segmentation":[[297,286,293,292,303,310,312,316,316,306,308,296]],"category_id":0,"id":90,"area":301},{"iscrowd":0,"image_id":23,"bbox":[254.27272727272722,306.4610389610389,16.883116883116855,22.727272727272748],"segmentation":[[264,306,254,316,263,329,271,324]],"category_id":0,"id":91,"area":194},{"iscrowd":0,"image_id":23,"bbox":[280.8961038961039,301.9155844155844,20.12987012987014,24.025974025973994],"segmentation":[[289,301,280,312,283,325,297,325,301,316]],"category_id":0,"id":92,"area":319},{"iscrowd":0,"image_id":24,"bbox":[232.84415584415584,288.92857142857144,24.025974025974023,31.16883116883116],"segmentation":[[252,288,238,300,232,307,243,320,256,305]],"category_id":0,"id":93,"area":386},{"iscrowd":0,"image_id":24,"bbox":[289.98701298701303,284.3831168831169,25.32467532467524,37.012987012987026],"segmentation":[[293,284,289,295,310,321,315,312,303,292]],"category_id":0,"id":94,"area":377},{"iscrowd":0,"image_id":24,"bbox":[254.27272727272722,307.1103896103896,20.12987012987017,20.779220779220793],"segmentation":[[264,307,254,316,264,327,274,320]],"category_id":0,"id":95,"area":207},{"iscrowd":0,"image_id":24,"bbox":[278.2987012987013,305.1623376623377,20.12987012987014,29.87012987012986],"segmentation":[[284,305,278,315,284,335,298,323,295,311]],"category_id":0,"id":96,"area":356},{"iscrowd":0,"image_id":25,"bbox":[237.38961038961034,283.73376623376623,25.324675324675326,38.96103896103898],"segmentation":[[249,283,237,310,245,322,262,301]],"category_id":0,"id":97,"area":476},{"iscrowd":0,"image_id":25,"bbox":[288.038961038961,281.1363636363636,27.92207792207796,38.31168831168833],"segmentation":[[300,281,288,294,304,319,315,311]],"category_id":0,"id":98,"area":496},{"iscrowd":0,"image_id":25,"bbox":[254.27272727272722,305.1623376623377,22.07792207792218,27.272727272727252],"segmentation":[[264,305,254,320,263,332,276,323]],"category_id":0,"id":99,"area":303},{"iscrowd":0,"image_id":25,"bbox":[279.5974025974026,305.1623376623377,16.883116883116827,24.675324675324646],"segmentation":[[286,305,279,314,287,329,296,322]],"category_id":0,"id":100,"area":203},{"iscrowd":0,"image_id":26,"bbox":[236.09090909090904,290.2272727272727,25.324675324675326,35.06493506493507],"segmentation":[[249,290,236,309,245,325,261,303]],"category_id":0,"id":101,"area":429},{"iscrowd":0,"image_id":26,"bbox":[286.7402597402597,286.33116883116884,27.92207792207796,35.06493506493507],"segmentation":[[295,286,286,296,306,321,314,309]],"category_id":0,"id":102,"area":409},{"iscrowd":0,"image_id":26,"bbox":[257.51948051948045,306.4610389610389,16.233766233766232,29.870129870129915],"segmentation":[[258,311,257,336,273,326,273,306]],"category_id":0,"id":103,"area":349},{"iscrowd":0,"image_id":26,"bbox":[277.0,305.1623376623377,22.07792207792204,28.571428571428555],"segmentation":[[286,305,277,311,283,333,299,323]],"category_id":0,"id":104,"area":332},{"iscrowd":0,"image_id":27,"bbox":[242.58441558441555,289.5779220779221,20.77922077922082,31.818181818181813],"segmentation":[[252,289,242,305,247,321,263,303]],"category_id":0,"id":105,"area":327},{"iscrowd":0,"image_id":27,"bbox":[288.6883116883117,288.92857142857144,24.675324675324646,31.818181818181813],"segmentation":[[294,288,288,298,304,320,313,314]],"category_id":0,"id":106,"area":316},{"iscrowd":0,"image_id":27,"bbox":[256.87012987012986,309.05844155844153,18.83116883116884,25.974025974026006],"segmentation":[[264,309,256,318,264,335,275,324]],"category_id":0,"id":107,"area":246},{"iscrowd":0,"image_id":27,"bbox":[280.2467532467532,306.4610389610389,16.88311688311694,29.220779220779264],"segmentation":[[286,306,280,314,288,335,297,323]],"category_id":0,"id":108,"area":238},{"iscrowd":0,"image_id":28,"bbox":[238.038961038961,282.43506493506493,32.46753246753249,39.61038961038963],"segmentation":[[250,282,238,313,250,322,270,294]],"category_id":0,"id":109,"area":643},{"iscrowd":0,"image_id":28,"bbox":[295.18181818181813,273.3441558441558,35.71428571428578,43.50649350649354],"segmentation":[[304,273,295,288,323,316,330,300]],"category_id":0,"id":110,"area":666},{"iscrowd":0,"image_id":28,"bbox":[261.41558441558436,303.8636363636364,20.77922077922085,24.675324675324646],"segmentation":[[271,303,261,315,269,328,282,320]],"category_id":0,"id":111,"area":261},{"iscrowd":0,"image_id":28,"bbox":[284.7922077922078,299.96753246753246,22.727272727272748,29.87012987012986],"segmentation":[[292,299,284,309,296,329,307,313]],"category_id":0,"id":112,"area":331},{"iscrowd":0,"image_id":29,"bbox":[241.28571428571425,284.3831168831169,27.272727272727224,37.66233766233768],"segmentation":[[254,284,241,306,248,322,268,299]],"category_id":0,"id":113,"area":492},{"iscrowd":0,"image_id":29,"bbox":[291.28571428571433,276.59090909090907,38.31168831168827,46.75324675324674],"segmentation":[[302,276,291,292,319,323,329,305]],"category_id":0,"id":114,"area":781},{"iscrowd":0,"image_id":29,"bbox":[262.06493506493507,306.4610389610389,18.18181818181813,24.675324675324703],"segmentation":[[274,306,262,318,266,331,280,329]],"category_id":0,"id":115,"area":267},{"iscrowd":0,"image_id":29,"bbox":[286.0909090909091,303.8636363636364,20.779220779220736,26.6233766233766],"segmentation":[[297,303,286,308,288,330,306,324]],"category_id":0,"id":116,"area":345},{"iscrowd":0,"image_id":30,"bbox":[245.8311688311688,291.525974025974,24.025974025973966,32.467532467532465],"segmentation":[[255,291,245,307,253,323,269,301]],"category_id":0,"id":117,"area":383},{"iscrowd":0,"image_id":30,"bbox":[293.8831168831168,287.62987012987014,31.168831168831275,32.467532467532465],"segmentation":[[302,287,293,296,315,320,325,311]],"category_id":0,"id":118,"area":417},{"iscrowd":0,"image_id":30,"bbox":[261.41558441558436,309.05844155844153,18.83116883116884,24.675324675324703],"segmentation":[[273,309,261,318,266,333,280,324]],"category_id":0,"id":119,"area":255},{"iscrowd":0,"image_id":30,"bbox":[287.3896103896104,306.4610389610389,20.12987012987014,25.324675324675354],"segmentation":[[294,306,287,314,295,331,307,322]],"category_id":0,"id":120,"area":249},{"iscrowd":0,"image_id":31,"bbox":[245.18181818181816,307.7597402597402,21.428571428571416,33.116883116883116],"segmentation":[[255,307,245,323,250,340,266,327]],"category_id":0,"id":121,"area":366},{"iscrowd":0,"image_id":31,"bbox":[287.3896103896104,309.05844155844153,21.428571428571445,27.92207792207796],"segmentation":[[291,309,287,322,295,336,308,329]],"category_id":0,"id":122,"area":283},{"iscrowd":0,"image_id":31,"bbox":[259.46753246753246,334.3831168831169,8.441558441558414,9.090909090909065],"segmentation":[[265,334,259,336,261,342,267,343]],"category_id":0,"id":123,"area":47},{"iscrowd":0,"image_id":31,"bbox":[280.2467532467532,329.8376623376623,9.090909090909122,12.987012987012974],"segmentation":[[285,329,289,335,285,342,280,334]],"category_id":0,"id":124,"area":59},{"iscrowd":0,"image_id":32,"bbox":[243.88311688311686,309.05844155844153,21.428571428571416,33.116883116883116],"segmentation":[[255,309,243,327,249,342,265,323]],"category_id":0,"id":125,"area":341},{"iscrowd":0,"image_id":32,"bbox":[288.038961038961,305.81168831168833,20.12987012987014,30.51948051948051],"segmentation":[[291,305,288,318,297,336,308,326]],"category_id":0,"id":126,"area":281},{"iscrowd":0,"image_id":32,"bbox":[259.46753246753246,329.8376623376623,9.090909090909008,17.532467532467535],"segmentation":[[264,329,259,335,261,347,268,338]],"category_id":0,"id":127,"area":84},{"iscrowd":0,"image_id":32,"bbox":[278.2987012987013,325.9415584415584,13.636363636363626,18.181818181818187],"segmentation":[[283,325,278,332,286,344,291,341]],"category_id":0,"id":128,"area":112},{"iscrowd":0,"image_id":33,"bbox":[244.5324675324675,305.81168831168833,23.37662337662337,37.66233766233762],"segmentation":[[257,305,244,325,250,343,267,323]],"category_id":0,"id":129,"area":430},{"iscrowd":0,"image_id":33,"bbox":[287.3896103896104,303.8636363636364,20.12987012987014,35.714285714285666],"segmentation":[[292,303,287,319,301,339,307,328]],"category_id":0,"id":130,"area":321},{"iscrowd":0,"image_id":33,"bbox":[260.11688311688306,331.1363636363636,9.740259740259717,18.181818181818187],"segmentation":[[267,331,260,338,262,349,269,342]],"category_id":0,"id":131,"area":99},{"iscrowd":0,"image_id":33,"bbox":[280.2467532467532,327.2402597402597,14.285714285714334,21.428571428571445],"segmentation":[[284,327,280,334,287,348,294,340]],"category_id":0,"id":132,"area":144},{"iscrowd":0,"image_id":34,"bbox":[241.9350649350649,299.96753246753246,25.324675324675383,42.20779220779218],"segmentation":[[258,299,241,325,250,342,267,321]],"category_id":0,"id":133,"area":518},{"iscrowd":0,"image_id":34,"bbox":[286.7402597402597,301.9155844155844,21.428571428571445,40.90909090909088],"segmentation":[[295,301,286,318,304,342,308,331]],"category_id":0,"id":134,"area":379},{"iscrowd":0,"image_id":34,"bbox":[258.81818181818176,328.538961038961,14.93506493506493,19.48051948051949],"segmentation":[[265,328,258,337,262,348,273,339]],"category_id":0,"id":135,"area":148},{"iscrowd":0,"image_id":34,"bbox":[278.2987012987013,325.9415584415584,16.883116883116827,22.077922077922096],"segmentation":[[282,325,278,340,293,348,295,336]],"category_id":0,"id":136,"area":211},{"iscrowd":0,"image_id":35,"bbox":[241.9350649350649,301.9155844155844,22.727272727272776,43.506493506493484],"segmentation":[[256,301,241,325,247,345,264,321]],"category_id":0,"id":137,"area":473},{"iscrowd":0,"image_id":35,"bbox":[286.0909090909091,301.9155844155844,25.32467532467524,44.155844155844136],"segmentation":[[295,301,286,315,302,346,311,331]],"category_id":0,"id":138,"area":506},{"iscrowd":0,"image_id":35,"bbox":[256.87012987012986,327.2402597402597,18.18181818181813,21.428571428571445],"segmentation":[[267,327,256,336,262,348,275,342]],"category_id":0,"id":139,"area":209},{"iscrowd":0,"image_id":35,"bbox":[278.2987012987013,325.9415584415584,16.233766233766232,28.571428571428612],"segmentation":[[284,325,278,335,289,354,294,340]],"category_id":0,"id":140,"area":221},{"iscrowd":0,"image_id":36,"bbox":[239.3376623376623,304.512987012987,23.37662337662337,39.610389610389575],"segmentation":[[258,304,239,323,244,344,262,322]],"category_id":0,"id":141,"area":454},{"iscrowd":0,"image_id":36,"bbox":[288.038961038961,300.6168831168831,23.376623376623343,45.45454545454544],"segmentation":[[294,300,288,317,304,346,311,327]],"category_id":0,"id":142,"area":483},{"iscrowd":0,"image_id":36,"bbox":[258.81818181818176,325.9415584415584,14.93506493506493,25.974025974026006],"segmentation":[[266,325,258,334,260,351,273,343]],"category_id":0,"id":143,"area":220},{"iscrowd":0,"image_id":36,"bbox":[278.2987012987013,323.3441558441558,16.233766233766232,26.623376623376657],"segmentation":[[284,323,278,334,288,349,294,340]],"category_id":0,"id":144,"area":203},{"iscrowd":0,"image_id":37,"bbox":[239.3376623376623,308.4090909090909,22.727272727272776,38.96103896103898],"segmentation":[[256,308,239,325,245,347,262,324]],"category_id":0,"id":145,"area":439},{"iscrowd":0,"image_id":37,"bbox":[289.3376623376623,304.512987012987,20.779220779220736,37.66233766233762],"segmentation":[[293,304,289,319,303,342,310,328]],"category_id":0,"id":146,"area":347},{"iscrowd":0,"image_id":37,"bbox":[258.81818181818176,324.6428571428571,15.584415584415638,27.27272727272731],"segmentation":[[265,324,258,336,262,351,274,340]],"category_id":0,"id":147,"area":218},{"iscrowd":0,"image_id":37,"bbox":[277.6493506493506,323.3441558441558,17.532467532467535,27.27272727272731],"segmentation":[[285,323,277,336,289,350,295,340]],"category_id":0,"id":148,"area":230},{"iscrowd":0,"image_id":38,"bbox":[239.3376623376623,305.81168831168833,23.37662337662337,36.36363636363632],"segmentation":[[256,305,239,325,246,342,262,322]],"category_id":0,"id":149,"area":411},{"iscrowd":0,"image_id":38,"bbox":[289.98701298701303,303.2142857142857,20.779220779220736,39.610389610389575],"segmentation":[[292,303,289,316,304,342,310,325]],"category_id":0,"id":150,"area":355},{"iscrowd":0,"image_id":38,"bbox":[258.81818181818176,327.2402597402597,14.93506493506493,18.83116883116884],"segmentation":[[262,327,258,340,271,346,273,331]],"category_id":0,"id":151,"area":176},{"iscrowd":0,"image_id":38,"bbox":[278.2987012987013,322.6948051948052,18.18181818181813,25.97402597402595],"segmentation":[[284,322,278,335,286,348,296,338]],"category_id":0,"id":152,"area":232},{"iscrowd":0,"image_id":39,"bbox":[237.38961038961034,307.1103896103896,22.077922077922125,33.116883116883116],"segmentation":[[252,307,237,328,244,340,259,323]],"category_id":0,"id":153,"area":343},{"iscrowd":0,"image_id":39,"bbox":[289.98701298701303,304.512987012987,20.779220779220736,33.76623376623377],"segmentation":[[297,304,289,312,303,338,310,327]],"category_id":0,"id":154,"area":304},{"iscrowd":0,"image_id":39,"bbox":[256.87012987012986,325.9415584415584,15.584415584415524,23.3766233766234],"segmentation":[[264,325,256,333,256,349,272,342]],"category_id":0,"id":155,"area":217},{"iscrowd":0,"image_id":39,"bbox":[278.9480519480519,323.3441558441558,17.532467532467535,24.675324675324703],"segmentation":[[284,323,278,333,288,348,296,340]],"category_id":0,"id":156,"area":203},{"iscrowd":0,"image_id":40,"bbox":[235.44155844155839,308.4090909090909,24.02597402597408,31.16883116883116],"segmentation":[[254,308,235,329,242,339,259,323]],"category_id":0,"id":157,"area":338},{"iscrowd":0,"image_id":40,"bbox":[288.6883116883117,306.4610389610389,24.675324675324646,33.76623376623377],"segmentation":[[296,306,288,315,304,340,313,331]],"category_id":0,"id":158,"area":355},{"iscrowd":0,"image_id":40,"bbox":[257.51948051948045,325.9415584415584,15.584415584415638,22.727272727272748],"segmentation":[[265,325,257,333,262,348,273,342]],"category_id":0,"id":159,"area":188},{"iscrowd":0,"image_id":40,"bbox":[277.0,323.3441558441558,19.480519480519433,24.02597402597405],"segmentation":[[282,323,277,336,288,347,296,336]],"category_id":0,"id":160,"area":234},{"iscrowd":0,"image_id":41,"bbox":[237.38961038961034,310.35714285714283,22.077922077922125,25.324675324675354],"segmentation":[[253,310,237,324,239,335,259,324]],"category_id":0,"id":161,"area":279},{"iscrowd":0,"image_id":41,"bbox":[289.98701298701303,307.7597402597402,22.727272727272634,31.818181818181813],"segmentation":[[295,307,289,315,304,339,312,328]],"category_id":0,"id":162,"area":298},{"iscrowd":0,"image_id":41,"bbox":[255.57142857142853,325.9415584415584,16.23376623376626,21.428571428571445],"segmentation":[[265,325,255,333,262,347,271,338]],"category_id":0,"id":163,"area":181},{"iscrowd":0,"image_id":41,"bbox":[278.2987012987013,324.6428571428571,18.83116883116884,24.02597402597405],"segmentation":[[284,324,278,335,287,348,297,340]],"category_id":0,"id":164,"area":216},{"iscrowd":0,"image_id":42,"bbox":[250.37662337662337,281.7857142857143,21.428571428571416,38.96103896103898],"segmentation":[[259,281,250,304,252,320,271,288]],"category_id":0,"id":165,"area":366},{"iscrowd":0,"image_id":42,"bbox":[298.42857142857144,277.2402597402597,27.272727272727252,45.454545454545496],"segmentation":[[306,277,298,290,314,322,325,307]],"category_id":0,"id":166,"area":545},{"iscrowd":0,"image_id":42,"bbox":[266.6103896103896,299.96753246753246,17.532467532467535,28.571428571428555],"segmentation":[[273,299,266,311,272,328,284,319]],"category_id":0,"id":167,"area":255},{"iscrowd":0,"image_id":42,"bbox":[287.3896103896104,300.6168831168831,21.428571428571445,29.87012987012986],"segmentation":[[293,300,287,312,295,330,308,324]],"category_id":0,"id":168,"area":308},{"iscrowd":0,"image_id":43,"bbox":[245.8311688311688,276.59090909090907,29.22077922077918,46.10389610389615],"segmentation":[[262,276,245,299,254,322,275,294]],"category_id":0,"id":169,"area":653},{"iscrowd":0,"image_id":43,"bbox":[299.07792207792204,279.18831168831167,29.220779220779264,50.64935064935065],"segmentation":[[302,279,299,292,317,329,328,316]],"category_id":0,"id":170,"area":552},{"iscrowd":0,"image_id":43,"bbox":[266.6103896103896,302.56493506493507,18.181818181818244,29.87012987012986],"segmentation":[[272,302,266,316,276,332,284,316]],"category_id":0,"id":171,"area":272},{"iscrowd":0,"image_id":43,"bbox":[288.038961038961,303.2142857142857,18.83116883116884,25.97402597402595],"segmentation":[[291,303,288,320,301,329,306,318]],"category_id":0,"id":172,"area":258},{"iscrowd":0,"image_id":44,"bbox":[247.77922077922076,280.487012987013,28.57142857142864,40.25974025974028],"segmentation":[[262,280,247,310,256,320,276,290]],"category_id":0,"id":173,"area":518},{"iscrowd":0,"image_id":44,"bbox":[296.48051948051943,282.43506493506493,30.519480519480567,49.35064935064935],"segmentation":[[304,282,296,294,316,331,327,321]],"category_id":0,"id":174,"area":584},{"iscrowd":0,"image_id":44,"bbox":[265.3116883116883,303.2142857142857,21.428571428571445,27.922077922077904],"segmentation":[[276,303,265,311,270,331,286,322]],"category_id":0,"id":175,"area":331},{"iscrowd":0,"image_id":44,"bbox":[287.3896103896104,306.4610389610389,18.83116883116884,25.974025974026006],"segmentation":[[293,306,287,329,297,332,306,322]],"category_id":0,"id":176,"area":258},{"iscrowd":0,"image_id":45,"bbox":[249.72727272727272,281.1363636363636,28.571428571428584,40.909090909090935],"segmentation":[[260,281,249,314,256,322,278,294]],"category_id":0,"id":177,"area":545},{"iscrowd":0,"image_id":45,"bbox":[293.23376623376623,285.03246753246754,31.81818181818187,39.610389610389575],"segmentation":[[305,285,293,297,312,324,325,316]],"category_id":0,"id":178,"area":560},{"iscrowd":0,"image_id":45,"bbox":[265.961038961039,304.512987012987,18.18181818181813,28.571428571428555],"segmentation":[[280,304,265,314,269,333,284,325]],"category_id":0,"id":179,"area":320},{"iscrowd":0,"image_id":45,"bbox":[287.3896103896104,305.81168831168833,18.83116883116884,29.87012987012986],"segmentation":[[292,305,287,316,296,335,306,320]],"category_id":0,"id":180,"area":273},{"iscrowd":0,"image_id":46,"bbox":[249.07792207792207,283.0844155844156,26.62337662337663,43.506493506493484],"segmentation":[[265,283,252,299,249,324,254,326,275,303]],"category_id":0,"id":181,"area":597},{"iscrowd":0,"image_id":46,"bbox":[295.18181818181813,285.6818181818182,25.974025974026063,38.31168831168827],"segmentation":[[299,285,295,300,312,323,321,314]],"category_id":0,"id":182,"area":413},{"iscrowd":0,"image_id":46,"bbox":[267.2597402597403,307.7597402597402,16.883116883116827,23.3766233766234],"segmentation":[[278,307,267,316,271,331,284,322]],"category_id":0,"id":183,"area":218},{"iscrowd":0,"image_id":46,"bbox":[289.3376623376623,307.1103896103896,15.584415584415638,22.077922077922096],"segmentation":[[293,307,289,312,292,329,304,323]],"category_id":0,"id":184,"area":179},{"iscrowd":0,"image_id":47,"bbox":[238.038961038961,289.5779220779221,28.571428571428584,32.467532467532465],"segmentation":[[255,289,238,311,247,322,266,303]],"category_id":0,"id":185,"area":428},{"iscrowd":0,"image_id":47,"bbox":[286.0909090909091,289.5779220779221,26.623376623376544,33.116883116883116],"segmentation":[[293,289,286,301,306,322,312,312]],"category_id":0,"id":186,"area":364},{"iscrowd":0,"image_id":47,"bbox":[257.51948051948045,309.05844155844153,17.532467532467535,33.116883116883116],"segmentation":[[267,309,257,322,265,342,275,326]],"category_id":0,"id":187,"area":294},{"iscrowd":0,"image_id":47,"bbox":[277.0,308.4090909090909,18.18181818181813,24.02597402597405],"segmentation":[[283,308,277,318,279,332,295,326]],"category_id":0,"id":188,"area":234},{"iscrowd":0,"image_id":48,"bbox":[242.58441558441555,285.03246753246754,25.324675324675326,35.71428571428572],"segmentation":[[258,285,242,307,248,320,267,298]],"category_id":0,"id":189,"area":401},{"iscrowd":0,"image_id":48,"bbox":[292.58441558441564,283.73376623376623,25.97402597402595,36.363636363636374],"segmentation":[[301,283,292,294,308,320,318,309]],"category_id":0,"id":190,"area":414},{"iscrowd":0,"image_id":48,"bbox":[260.11688311688306,305.1623376623377,18.181818181818244,20.779220779220736],"segmentation":[[269,305,260,314,267,325,278,318]],"category_id":0,"id":191,"area":192},{"iscrowd":0,"image_id":48,"bbox":[284.1428571428571,303.2142857142857,15.584415584415638,21.428571428571388],"segmentation":[[287,303,284,314,291,324,299,313]],"category_id":0,"id":192,"area":169},{"iscrowd":0,"image_id":49,"bbox":[238.038961038961,285.6818181818182,31.818181818181785,43.506493506493484],"segmentation":[[258,285,238,309,248,329,269,299]],"category_id":0,"id":193,"area":641},{"iscrowd":0,"image_id":49,"bbox":[289.3376623376623,283.73376623376623,27.272727272727252,37.66233766233768],"segmentation":[[296,283,289,297,306,321,316,311]],"category_id":0,"id":194,"area":447},{"iscrowd":0,"image_id":49,"bbox":[261.41558441558436,306.4610389610389,18.181818181818244,27.92207792207796],"segmentation":[[270,306,261,319,271,334,279,320]],"category_id":0,"id":195,"area":252},{"iscrowd":0,"image_id":49,"bbox":[280.8961038961039,304.512987012987,17.532467532467535,24.675324675324646],"segmentation":[[285,304,280,312,288,329,298,318]],"category_id":0,"id":196,"area":207}],"categories":[{"id":0,"name":"SN","supercategory":"SN"}]}